{
  "train_loss": [
    0.9718996679947458,
    0.615763156874886,
    0.5536813478714553,
    0.5189870900474411,
    0.49201177648445793,
    0.4824261333460936,
    0.46372200689195425,
    0.45546388442917096,
    0.4396556352732196,
    0.4342413382443753,
    0.423233490723258,
    0.4180286112922723,
    0.4141754241326997,
    0.40043514919372225,
    0.40141168411981937,
    0.3931105861863707,
    0.38501315135026964,
    0.38254318445373137,
    0.3711585547323583,
    0.3740786427637706,
    0.3657101644564813,
    0.36070256195835393,
    0.35852018370016,
    0.35297996481454663,
    0.3490398531583049,
    0.34308750847755626,
    0.3410478037823301,
    0.34122802247674794,
    0.34148943938322973,
    0.3383439952944654,
    0.3362400526712096,
    0.33285331848773625,
    0.2946386572937496,
    0.2861894393287234,
    0.2812070098239967,
    0.279090913563067,
    0.278873260932606,
    0.2750198262040532,
    0.2748154023369249,
    0.27341609219093643,
    0.26860291418671894,
    0.26621923173097567,
    0.2640290773347185,
    0.2619202073388019,
    0.26641057035155674,
    0.26012572564713266,
    0.26049495743285356,
    0.25966484472000645,
    0.2546681873633581,
    0.26092010291463213,
    0.25607015199077454,
    0.2556551730973366,
    0.2576188126072792,
    0.25504145223765406,
    0.2507156528619882,
    0.2346557968209431,
    0.22480060002262042,
    0.2265247894232735,
    0.22312911561143622,
    0.22586439408756656,
    0.21914756687852693,
    0.22184803581699836,
    0.2171628536960304,
    0.21666844420064996,
    0.21866082258607408,
    0.21397936530178857,
    0.21577164402725316,
    0.21452840353980948,
    0.21516991075328787,
    0.20441286959783375,
    0.20348027537029278,
    0.19806063895037931,
    0.200768386146188,
    0.1993036926645393,
    0.19391905454230726,
    0.19596321168293288,
    0.19665136103928313,
    0.19457661150859773,
    0.19710395785900217,
    0.18984237678518195
  ],
  "val_loss": [
    0.6090285420417786,
    0.5125862347901164,
    0.5611597140497852,
    0.42679942183804,
    0.46312867327656804,
    0.44203537766032924,
    0.3999247566237426,
    0.4840729705505879,
    0.4179138066863855,
    0.39410177242141,
    0.3901315016873466,
    0.36111618295287135,
    0.36651022646470793,
    0.42284430624442965,
    0.3373646035567298,
    0.34609286192054556,
    0.3306701994378634,
    0.3430293109373324,
    0.32350139466180977,
    0.3301234180836035,
    0.32244617469893916,
    0.34395971361690275,
    0.3097090438578569,
    0.335365007998741,
    0.34895928836305207,
    0.32735813161894406,
    0.28493213547446367,
    0.3267057180107136,
    0.29776970893888427,
    0.30511439709417437,
    0.2984650547314008,
    0.32480304990949327,
    0.2644103977327141,
    0.24881167286842715,
    0.25610429280609537,
    0.2799116386054161,
    0.2544259882508816,
    0.25673454210484487,
    0.2448512079215883,
    0.25618717438369343,
    0.24812553255212882,
    0.2867239957244543,
    0.2441565619431399,
    0.2438899900026607,
    0.24950442292329278,
    0.2544356405338313,
    0.24153225771500147,
    0.23924446035046348,
    0.24566905124611943,
    0.22999662813450056,
    0.24436588950343616,
    0.24281273821427699,
    0.2524013096401576,
    0.23446050127611778,
    0.24182822918534874,
    0.2254236074830847,
    0.22155424985730907,
    0.22244908291964285,
    0.221772640502195,
    0.21484242916206353,
    0.21766361524777086,
    0.21879350057060826,
    0.2143981054648385,
    0.21254313251440615,
    0.22178312646668286,
    0.21966159800423957,
    0.21640926150236273,
    0.21874959928025423,
    0.21927334077643873,
    0.21135032436316104,
    0.2101350285546752,
    0.210622247200639,
    0.20618722797828584,
    0.20706464493532545,
    0.20903349880271663,
    0.2050286062346917,
    0.2073648098552485,
    0.20936038109803953,
    0.20562421319984556,
    0.21148411132729986
  ],
  "metrics": {
    "MSE": 0.2399367392063141,
    "RMSE": 0.4898333790242495,
    "MAE": 0.30077803134918213,
    "Pearson_r": 0.8409602642059326,
    "R2": 0.7048768997192383,
    "CI": 0.890873400542846
  }
}